File Name,Category,Marker #,Property Type,Data Key,Text needing improvement,Raw object path
"treasure_pods.ts","Treasure Pods","#1","Contents","treasure_luminousstrand_pod1359946455","Todo: Specify contents of this pod","treasure_luminousstrand_pod1359946455.contents.0"
"treasure_pods.ts","Treasure Pods","#1","Description","treasure_luminousstrand_pod1359946455","Todo: insert a description for this pod","treasure_luminousstrand_pod1359946455.description"
"treasure_pods.ts","Treasure Pods","#2","Contents","treasure_rainbowfields_pod1210187464","Todo: Specify contents of this pod","treasure_rainbowfields_pod1210187464.contents.0"
"treasure_pods.ts","Treasure Pods","#2","Description","treasure_rainbowfields_pod1210187464","Todo: insert a description for this pod","treasure_rainbowfields_pod1210187464.description"
"treasure_pods.ts","Treasure Pods","#3","Contents","treasure_rainbowfields_pod1958610754","Todo: Specify contents of this pod","treasure_rainbowfields_pod1958610754.contents.0"
"treasure_pods.ts","Treasure Pods","#3","Description","treasure_rainbowfields_pod1958610754","Todo: insert a description for this pod","treasure_rainbowfields_pod1958610754.description"
"teleport_pads.ts","Teleport Pads","#5","Name","teleporter_BluffsNavigation_x-1655_y-619","Todo: better name for ancient teleporter BluffsNavigation Ancient Teleporter","teleporter_BluffsNavigation_x-1655_y-619.name"
"teleport_pads.ts","Teleport Pads","#5","Description","teleporter_BluffsNavigation_x-1655_y-619","Todo: insert a description for this teleporter x-1655_y-619","teleporter_BluffsNavigation_x-1655_y-619.description"
"teleport_pads.ts","Teleport Pads","#4","Name","teleporter_Bluffs_x-1343_y-709","Todo: better name for ancient teleporter Bluffs Ancient Teleporter","teleporter_Bluffs_x-1343_y-709.name"
"teleport_pads.ts","Teleport Pads","#4","Description","teleporter_Bluffs_x-1343_y-709","Todo: insert a description for this teleporter x-1343_y-709","teleporter_Bluffs_x-1343_y-709.description"
"teleport_pads.ts","Teleport Pads","#11","Name","teleporter_ConservatoryFields_x-236_y525","Todo: better name for ancient teleporter ConservatoryFields Ancient Teleporter","teleporter_ConservatoryFields_x-236_y525.name"
"teleport_pads.ts","Teleport Pads","#11","Description","teleporter_ConservatoryFields_x-236_y525","Todo: insert a description for this teleporter x-236_y525","teleporter_ConservatoryFields_x-236_y525.description"
"teleport_pads.ts","Teleport Pads","#6","Name","teleporter_Conservatory_Arboretum_x-162_y50","Todo: better name for ancient teleporter Conservatory_Arboretum Ancient Teleporter","teleporter_Conservatory_Arboretum_x-162_y50.name"
"teleport_pads.ts","Teleport Pads","#6","Description","teleporter_Conservatory_Arboretum_x-162_y50","Todo: insert a description for this teleporter x-162_y50","teleporter_Conservatory_Arboretum_x-162_y50.description"
"teleport_pads.ts","Teleport Pads","#7","Name","teleporter_Conservatory_Arboretum_x-394_y33","Todo: better name for ancient teleporter Conservatory_Arboretum Ancient Teleporter","teleporter_Conservatory_Arboretum_x-394_y33.name"
"teleport_pads.ts","Teleport Pads","#7","Description","teleporter_Conservatory_Arboretum_x-394_y33","Todo: insert a description for this teleporter x-394_y33","teleporter_Conservatory_Arboretum_x-394_y33.description"
"teleport_pads.ts","Teleport Pads","#8","Name","teleporter_Conservatory_Digsite_x-147_y335","Todo: better name for ancient teleporter Conservatory_Digsite Ancient Teleporter","teleporter_Conservatory_Digsite_x-147_y335.name"
"teleport_pads.ts","Teleport Pads","#8","Description","teleporter_Conservatory_Digsite_x-147_y335","Todo: insert a description for this teleporter x-147_y335","teleporter_Conservatory_Digsite_x-147_y335.description"
"teleport_pads.ts","Teleport Pads","#9","Name","teleporter_Conservatory_Digsite_x-529_y274","Todo: better name for ancient teleporter Conservatory_Digsite Ancient Teleporter","teleporter_Conservatory_Digsite_x-529_y274.name"
"teleport_pads.ts","Teleport Pads","#9","Description","teleporter_Conservatory_Digsite_x-529_y274","Todo: insert a description for this teleporter x-529_y274","teleporter_Conservatory_Digsite_x-529_y274.description"
"teleport_pads.ts","Teleport Pads","#10","Name","teleporter_Conservatory_Garden_x-284_y52","Todo: better name for ancient teleporter Conservatory_Garden Ancient Teleporter","teleporter_Conservatory_Garden_x-284_y52.name"
"teleport_pads.ts","Teleport Pads","#10","Description","teleporter_Conservatory_Garden_x-284_y52","Todo: insert a description for this teleporter x-284_y52","teleporter_Conservatory_Garden_x-284_y52.description"
"teleport_pads.ts","Teleport Pads","#14","Name","teleporter_GorgeGateTransfer_x-234_y-625","Todo: better name for ancient teleporter GorgeGateTransfer Ancient Teleporter","teleporter_GorgeGateTransfer_x-234_y-625.name"
"teleport_pads.ts","Teleport Pads","#14","Description","teleporter_GorgeGateTransfer_x-234_y-625","Todo: insert a description for this teleporter x-234_y-625","teleporter_GorgeGateTransfer_x-234_y-625.description"
"teleport_pads.ts","Teleport Pads","#15","Name","teleporter_GorgeNavigation_x-767_y-700","Todo: better name for ancient teleporter GorgeNavigation Ancient Teleporter","teleporter_GorgeNavigation_x-767_y-700.name"
"teleport_pads.ts","Teleport Pads","#15","Description","teleporter_GorgeNavigation_x-767_y-700","Todo: insert a description for this teleporter x-767_y-700","teleporter_GorgeNavigation_x-767_y-700.description"
"teleport_pads.ts","Teleport Pads","#16","Name","teleporter_GorgeNavigation_x-884_y-582","Todo: better name for ancient teleporter GorgeNavigation Ancient Teleporter","teleporter_GorgeNavigation_x-884_y-582.name"
"teleport_pads.ts","Teleport Pads","#16","Description","teleporter_GorgeNavigation_x-884_y-582","Todo: insert a description for this teleporter x-884_y-582","teleporter_GorgeNavigation_x-884_y-582.description"
"teleport_pads.ts","Teleport Pads","#12","Name","teleporter_Gorge_Vista_x-499_y-1153","Todo: better name for ancient teleporter Gorge_Vista Ancient Teleporter","teleporter_Gorge_Vista_x-499_y-1153.name"
"teleport_pads.ts","Teleport Pads","#12","Description","teleporter_Gorge_Vista_x-499_y-1153","Todo: insert a description for this teleporter x-499_y-1153","teleporter_Gorge_Vista_x-499_y-1153.description"
"teleport_pads.ts","Teleport Pads","#13","Name","teleporter_Gorge_x-463_y-206","Todo: better name for ancient teleporter Gorge Ancient Teleporter","teleporter_Gorge_x-463_y-206.name"
"teleport_pads.ts","Teleport Pads","#13","Description","teleporter_Gorge_x-463_y-206","Todo: insert a description for this teleporter x-463_y-206","teleporter_Gorge_x-463_y-206.description"
"teleport_pads.ts","Teleport Pads","#17","Name","teleporter_LabStrandEntranceDESIGN_x1154_y1953","Todo: better name for ancient teleporter LabStrandEntranceDESIGN Ancient Teleporter","teleporter_LabStrandEntranceDESIGN_x1154_y1953.name"
"teleport_pads.ts","Teleport Pads","#17","Description","teleporter_LabStrandEntranceDESIGN_x1154_y1953","Todo: insert a description for this teleporter x1154_y1953","teleporter_LabStrandEntranceDESIGN_x1154_y1953.description"
"teleport_pads.ts","Teleport Pads","#18","Name","teleporter_LabStrandEntranceMain_B_x1132_y994","Todo: better name for ancient teleporter LabStrandEntranceMain_B Ancient Teleporter","teleporter_LabStrandEntranceMain_B_x1132_y994.name"
"teleport_pads.ts","Teleport Pads","#18","Description","teleporter_LabStrandEntranceMain_B_x1132_y994","Todo: insert a description for this teleporter x1132_y994","teleporter_LabStrandEntranceMain_B_x1132_y994.description"
"teleport_pads.ts","Teleport Pads","#19","Name","teleporter_LabyrinthCorePath_x408_y1465","Todo: better name for ancient teleporter LabyrinthCorePath Ancient Teleporter","teleporter_LabyrinthCorePath_x408_y1465.name"
"teleport_pads.ts","Teleport Pads","#19","Description","teleporter_LabyrinthCorePath_x408_y1465","Todo: insert a description for this teleporter x408_y1465","teleporter_LabyrinthCorePath_x408_y1465.description"
"teleport_pads.ts","Teleport Pads","#20","Name","teleporter_LabyrinthHub_B_x950_y1449","Todo: better name for ancient teleporter LabyrinthHub_B Ancient Teleporter","teleporter_LabyrinthHub_B_x950_y1449.name"
"teleport_pads.ts","Teleport Pads","#20","Description","teleporter_LabyrinthHub_B_x950_y1449","Todo: insert a description for this teleporter x950_y1449","teleporter_LabyrinthHub_B_x950_y1449.description"
"teleport_pads.ts","Teleport Pads","#21","Name","teleporter_LabyrinthHub_C_x160_y2247","Todo: better name for ancient teleporter LabyrinthHub_C Ancient Teleporter","teleporter_LabyrinthHub_C_x160_y2247.name"
"teleport_pads.ts","Teleport Pads","#21","Description","teleporter_LabyrinthHub_C_x160_y2247","Todo: insert a description for this teleporter x160_y2247","teleporter_LabyrinthHub_C_x160_y2247.description"
"teleport_pads.ts","Teleport Pads","#22","Name","teleporter_LabyrinthHub_x384_y917","Todo: better name for ancient teleporter LabyrinthHub Ancient Teleporter","teleporter_LabyrinthHub_x384_y917.name"
"teleport_pads.ts","Teleport Pads","#22","Description","teleporter_LabyrinthHub_x384_y917","Todo: insert a description for this teleporter x384_y917","teleporter_LabyrinthHub_x384_y917.description"
"teleport_pads.ts","Teleport Pads","#23","Name","teleporter_LabyrinthWeather_x770_y1874","Todo: better name for ancient teleporter LabyrinthWeather Ancient Teleporter","teleporter_LabyrinthWeather_x770_y1874.name"
"teleport_pads.ts","Teleport Pads","#23","Description","teleporter_LabyrinthWeather_x770_y1874","Todo: insert a description for this teleporter x770_y1874","teleporter_LabyrinthWeather_x770_y1874.description"
"teleport_pads.ts","Teleport Pads","#26","Name","teleporter_StrandNavigation_x530_y336","Todo: better name for ancient teleporter StrandNavigation Ancient Teleporter","teleporter_StrandNavigation_x530_y336.name"
"teleport_pads.ts","Teleport Pads","#26","Description","teleporter_StrandNavigation_x530_y336","Todo: insert a description for this teleporter x530_y336","teleporter_StrandNavigation_x530_y336.description"
"teleport_pads.ts","Teleport Pads","#24","Name","teleporter_Strand_Vista_x875_y222","Todo: better name for ancient teleporter Strand_Vista Ancient Teleporter","teleporter_Strand_Vista_x875_y222.name"
"teleport_pads.ts","Teleport Pads","#24","Description","teleporter_Strand_Vista_x875_y222","Todo: insert a description for this teleporter x875_y222","teleporter_Strand_Vista_x875_y222.description"
"teleport_pads.ts","Teleport Pads","#25","Name","teleporter_Strand_x121_y-7","Todo: better name for ancient teleporter Strand Ancient Teleporter","teleporter_Strand_x121_y-7.name"
"teleport_pads.ts","Teleport Pads","#25","Description","teleporter_Strand_x121_y-7","Todo: insert a description for this teleporter x121_y-7","teleporter_Strand_x121_y-7.description"
"teleport_lines.ts","Teleport Lines","#27","Name","line_Conservatory_Arboretum_Gorge","Todo: insert a name for this teleporter line line_Conservatory_Arboretum_Gorge","line_Conservatory_Arboretum_Gorge.name"
"teleport_lines.ts","Teleport Lines","#28","Name","line_GorgeGateTransfer_BluffsNavigation","Todo: insert a name for this teleporter line line_GorgeGateTransfer_BluffsNavigation","line_GorgeGateTransfer_BluffsNavigation.name"
"teleport_lines.ts","Teleport Lines","#29","Name","line_GorgeNavigation_Bluffs","Todo: insert a name for this teleporter line line_GorgeNavigation_Bluffs","line_GorgeNavigation_Bluffs.name"
"teleport_lines.ts","Teleport Lines","#30","Name","line_GorgeNavigation_Conservatory_Digsite","Todo: insert a name for this teleporter line line_GorgeNavigation_Conservatory_Digsite","line_GorgeNavigation_Conservatory_Digsite.name"
"teleport_lines.ts","Teleport Lines","#31","Name","line_LabyrinthCorePath_LabyrinthHub_C","Todo: insert a name for this teleporter line line_LabyrinthCorePath_LabyrinthHub_C","line_LabyrinthCorePath_LabyrinthHub_C.name"
"teleport_lines.ts","Teleport Lines","#32","Name","line_LabyrinthHub_LabyrinthWeather","Todo: insert a name for this teleporter line line_LabyrinthHub_LabyrinthWeather","line_LabyrinthHub_LabyrinthWeather.name"
"teleport_lines.ts","Teleport Lines","#34","Name","line_StrandNavigation_Conservatory_Digsite","Todo: insert a name for this teleporter line line_StrandNavigation_Conservatory_Digsite","line_StrandNavigation_Conservatory_Digsite.name"
"teleport_lines.ts","Teleport Lines","#33","Name","line_Strand_Conservatory_Arboretum","Todo: insert a name for this teleporter line line_Strand_Conservatory_Arboretum","line_Strand_Conservatory_Arboretum.name"
"stabilizing_gates.ts","Stabilizing Gates","#35","Description","stabilizinggate_stabilizinggate0148392974","Todo: insert a description for this stabilizing gate stabilizinggate0148392974","stabilizinggate_stabilizinggate0148392974.description"
"stabilizing_gates.ts","Stabilizing Gates","#36","Description","stabilizinggate_stabilizinggate1172010955","Todo: insert a description for this stabilizing gate stabilizinggate1172010955","stabilizinggate_stabilizinggate1172010955.description"
"shadow_doors.ts","Shadow Doors","#37","Description","shadowdoor_plortdepo0848528777","Todo: insert a description for this shadow door plortdepo0848528777","shadowdoor_plortdepo0848528777.description"
"shadow_doors.ts","Shadow Doors","#37","Unlocks","shadowdoor_plortdepo0848528777","Todo: Specify unlocks of this shadow door","shadowdoor_plortdepo0848528777.unlocks.0"
"shadow_doors.ts","Shadow Doors","#38","Description","shadowdoor_plortdepo0888553246","Todo: insert a description for this shadow door plortdepo0888553246","shadowdoor_plortdepo0888553246.description"
"shadow_doors.ts","Shadow Doors","#38","Unlocks","shadowdoor_plortdepo0888553246","Todo: Specify unlocks of this shadow door","shadowdoor_plortdepo0888553246.unlocks.0"
"shadow_doors.ts","Shadow Doors","#39","Description","shadowdoor_plortdepo0983262903","Todo: insert a description for this shadow door plortdepo0983262903","shadowdoor_plortdepo0983262903.description"
"shadow_doors.ts","Shadow Doors","#39","Unlocks","shadowdoor_plortdepo0983262903","Todo: Specify unlocks of this shadow door","shadowdoor_plortdepo0983262903.unlocks.0"
"shadow_doors.ts","Shadow Doors","#40","Description","shadowdoor_plortdepo1514039874","Todo: insert a description for this shadow door plortdepo1514039874","shadowdoor_plortdepo1514039874.description"
"shadow_doors.ts","Shadow Doors","#40","Unlocks","shadowdoor_plortdepo1514039874","Todo: Specify unlocks of this shadow door","shadowdoor_plortdepo1514039874.unlocks.0"
"shadow_doors.ts","Shadow Doors","#41","Description","shadowdoor_plortdepo1585516932","Todo: insert a description for this shadow door plortdepo1585516932","shadowdoor_plortdepo1585516932.description"
"shadow_doors.ts","Shadow Doors","#41","Unlocks","shadowdoor_plortdepo1585516932","Todo: Specify unlocks of this shadow door","shadowdoor_plortdepo1585516932.unlocks.0"
"shadow_doors.ts","Shadow Doors","#42","Description","shadowdoor_plortdepo1639552273","Todo: insert a description for this shadow door plortdepo1639552273","shadowdoor_plortdepo1639552273.description"
"shadow_doors.ts","Shadow Doors","#42","Unlocks","shadowdoor_plortdepo1639552273","Todo: Specify unlocks of this shadow door","shadowdoor_plortdepo1639552273.unlocks.0"
"projector_puzzles.ts","Projector Puzzles","#43 S","Description","projectorpuzzle_dreamland_entrance_geyser_puzzle","Todo: insert a description for this projector puzzle beam Start point startPoint_x1014_y1216_h91","projectorpuzzle_dreamland_entrance_geyser_puzzle.startPoint.description"
"projector_puzzles.ts","Projector Puzzles","#43 E","Description","projectorpuzzle_dreamland_entrance_geyser_puzzle","Todo: insert a description for this projector puzzle beam End point endPoint_x989_y1235_h91","projectorpuzzle_dreamland_entrance_geyser_puzzle.endPoint.description"
"projector_puzzles.ts","Projector Puzzles","#44 S","Description","projectorpuzzle_dreamland_entrance_wall_tower_puzzle","Todo: insert a description for this projector puzzle beam Start point startPoint_x947_y1249_h140","projectorpuzzle_dreamland_entrance_wall_tower_puzzle.startPoint.description"
"projector_puzzles.ts","Projector Puzzles","#44 E","Description","projectorpuzzle_dreamland_entrance_wall_tower_puzzle","Todo: insert a description for this projector puzzle beam End point endPoint_x925_y1282_h128","projectorpuzzle_dreamland_entrance_wall_tower_puzzle.endPoint.description"
"projector_puzzles.ts","Projector Puzzles","#45","Unlocks","projectorpuzzle_dreamland_pergola_room","Todo: specify the unlocks of this radiant projector puzzle","projectorpuzzle_dreamland_pergola_room.unlocks.0"
"projector_puzzles.ts","Projector Puzzles","#45 S","Description","projectorpuzzle_dreamland_pergola_room","Todo: insert a description for this projector puzzle beam Start point startPoint_x707_y1069_h134","projectorpuzzle_dreamland_pergola_room.startPoint.description"
"projector_puzzles.ts","Projector Puzzles","#45 E","Description","projectorpuzzle_dreamland_pergola_room","Todo: insert a description for this projector puzzle beam End point endPoint_x735_y1098_h134","projectorpuzzle_dreamland_pergola_room.endPoint.description"
"projector_puzzles.ts","Projector Puzzles","#46","Unlocks","projectorpuzzle_dreamland_wall_door_1","Todo: specify the unlocks of this radiant projector puzzle","projectorpuzzle_dreamland_wall_door_1.unlocks.0"
"projector_puzzles.ts","Projector Puzzles","#46 S","Description","projectorpuzzle_dreamland_wall_door_1","Todo: insert a description for this projector puzzle beam Start point startPoint_x842_y1078_h135","projectorpuzzle_dreamland_wall_door_1.startPoint.description"
"projector_puzzles.ts","Projector Puzzles","#46 E","Description","projectorpuzzle_dreamland_wall_door_1","Todo: insert a description for this projector puzzle beam End point endPoint_x853_y1044_h135","projectorpuzzle_dreamland_wall_door_1.endPoint.description"
"projector_puzzles.ts","Projector Puzzles","#47","Unlocks","projectorpuzzle_dreamland_wall_door_2","Todo: specify the unlocks of this radiant projector puzzle","projectorpuzzle_dreamland_wall_door_2.unlocks.0"
"projector_puzzles.ts","Projector Puzzles","#47 S","Description","projectorpuzzle_dreamland_wall_door_2","Todo: insert a description for this projector puzzle beam Start point startPoint_x896_y1065_h135","projectorpuzzle_dreamland_wall_door_2.startPoint.description"
"projector_puzzles.ts","Projector Puzzles","#47 E","Description","projectorpuzzle_dreamland_wall_door_2","Todo: insert a description for this projector puzzle beam End point endPoint_x884_y1071_h135","projectorpuzzle_dreamland_wall_door_2.endPoint.description"
"projector_puzzles.ts","Projector Puzzles","#48 S","Description","projectorpuzzle_dreamland_windmill_hill","Todo: insert a description for this projector puzzle beam Start point startPoint_x468_y807_h180","projectorpuzzle_dreamland_windmill_hill.startPoint.description"
"projector_puzzles.ts","Projector Puzzles","#48 E","Description","projectorpuzzle_dreamland_windmill_hill","Todo: insert a description for this projector puzzle beam End point endPoint_x432_y763_h186","projectorpuzzle_dreamland_windmill_hill.endPoint.description"
"projector_puzzles.ts","Projector Puzzles","#49","Unlocks","projectorpuzzle_hub_puzzle_tower","Todo: specify the unlocks of this radiant projector puzzle","projectorpuzzle_hub_puzzle_tower.unlocks.0"
"projector_puzzles.ts","Projector Puzzles","#49","Description","projectorpuzzle_hub_puzzle_tower","Todo: describe this beam point. Also used for the terrarium entry puzzle, lowers upon completion.","projectorpuzzle_hub_puzzle_tower.startPoint.description"
"projector_puzzles.ts","Projector Puzzles","#50","Unlocks","projectorpuzzle_terrarium_center_to_east","Todo: specify the unlocks of this radiant projector puzzle","projectorpuzzle_terrarium_center_to_east.unlocks.0"
"projector_puzzles.ts","Projector Puzzles","#50 S","Description","projectorpuzzle_terrarium_center_to_east","Todo: insert a description for this projector puzzle beam Start point startPoint_x793_y1969_h138","projectorpuzzle_terrarium_center_to_east.startPoint.description"
"projector_puzzles.ts","Projector Puzzles","#50 E","Description","projectorpuzzle_terrarium_center_to_east","Todo: insert a description for this projector puzzle beam End point endPoint_x793_y2147_h169","projectorpuzzle_terrarium_center_to_east.endPoint.description"
"projector_puzzles.ts","Projector Puzzles","#51","Unlocks","projectorpuzzle_terrarium_east_to_center","Todo: specify the unlocks of this radiant projector puzzle","projectorpuzzle_terrarium_east_to_center.unlocks.0"
"projector_puzzles.ts","Projector Puzzles","#51 S","Description","projectorpuzzle_terrarium_east_to_center","Todo: insert a description for this projector puzzle beam Start point startPoint_x793_y2108_h196","projectorpuzzle_terrarium_east_to_center.startPoint.description"
"projector_puzzles.ts","Projector Puzzles","#51 E","Description","projectorpuzzle_terrarium_east_to_center","Todo: insert a description for this projector puzzle beam End point endPoint_x792_y1936_h178","projectorpuzzle_terrarium_east_to_center.endPoint.description"
"projector_puzzles.ts","Projector Puzzles","#52","Unlocks","projectorpuzzle_terrarium_entry","Todo: specify the unlocks of this radiant projector puzzle","projectorpuzzle_terrarium_entry.unlocks.0"
"projector_puzzles.ts","Projector Puzzles","#52","Description","projectorpuzzle_terrarium_entry","Todo: describe this beam point. Also used for the puzzle on the tower's upper story, lowers upon completion.","projectorpuzzle_terrarium_entry.startPoint.description"
"projector_puzzles.ts","Projector Puzzles","#52 E","Description","projectorpuzzle_terrarium_entry","Todo: insert a description for this projector puzzle beam End point endPoint_x885_y1596_h37","projectorpuzzle_terrarium_entry.endPoint.description"
"nullifier_doors.ts","Nullifier Doors","#59","Description","nullifierdoor_x409_y728","Todo: insert a description for this nullifier door x409_y728","nullifierdoor_x409_y728.description"
"nullifier_doors.ts","Nullifier Doors","#60","Description","nullifierdoor_x431_y941","Todo: insert a description for this nullifier door x431_y941","nullifierdoor_x431_y941.description"
"nullifier_doors.ts","Nullifier Doors","#61","Description","nullifierdoor_x593_y996","Todo: insert a description for this nullifier door x593_y996","nullifierdoor_x593_y996.description"
"nullifier_doors.ts","Nullifier Doors","#62","Description","nullifierdoor_x740_y2113","Todo: insert a description for this nullifier door x740_y2113","nullifierdoor_x740_y2113.description"
"nullifier_doors.ts","Nullifier Doors","#63","Description","nullifierdoor_x786_y1875","Todo: insert a description for this nullifier door x786_y1875","nullifierdoor_x786_y1875.description"
"nullifier_doors.ts","Nullifier Doors","#64","Description","nullifierdoor_x800_y2039","Todo: insert a description for this nullifier door x800_y2039","nullifierdoor_x800_y2039.description"
"nullifier_doors.ts","Nullifier Doors","#65","Description","nullifierdoor_x891_y1909","Todo: insert a description for this nullifier door x891_y1909","nullifierdoor_x891_y1909.description"
"nullifier_doors.ts","Nullifier Doors","#66","Description","nullifierdoor_x931_y1468","Todo: insert a description for this nullifier door x931_y1468","nullifierdoor_x931_y1468.description"
"nullifier_doors.ts","Nullifier Doors","#67","Description","nullifierdoor_x987_y842","Todo: insert a description for this nullifier door x987_y842","nullifierdoor_x987_y842.description"
"nullifier_doors.ts","Nullifier Doors","#68","Description","nullifierdoor_x989_y834","Todo: insert a description for this nullifier door x989_y834","nullifierdoor_x989_y834.description"
"nullifier_doors.ts","Nullifier Doors","#69","Description","nullifierdoor_x990_y1844","Todo: insert a description for this nullifier door x990_y1844","nullifierdoor_x990_y1844.description"
"nullifier_doors.ts","Nullifier Doors","#53","Description","nullifierdoor_x1020_y1954","Todo: insert a description for this nullifier door x1020_y1954","nullifierdoor_x1020_y1954.description"
"nullifier_doors.ts","Nullifier Doors","#54","Description","nullifierdoor_x1082_y1870","Todo: insert a description for this nullifier door x1082_y1870","nullifierdoor_x1082_y1870.description"
"nullifier_doors.ts","Nullifier Doors","#55","Description","nullifierdoor_x1323_y1316","Todo: insert a description for this nullifier door x1323_y1316","nullifierdoor_x1323_y1316.description"
"nullifier_doors.ts","Nullifier Doors","#56","Description","nullifierdoor_x1356_y1111","Todo: insert a description for this nullifier door x1356_y1111","nullifierdoor_x1356_y1111.description"
"nullifier_doors.ts","Nullifier Doors","#57","Description","nullifierdoor_x1357_y1001","Todo: insert a description for this nullifier door x1357_y1001","nullifierdoor_x1357_y1001.description"
"nullifier_doors.ts","Nullifier Doors","#58","Description","nullifierdoor_x1488_y1354","Todo: insert a description for this nullifier door x1488_y1354","nullifierdoor_x1488_y1354.description"
"locked_doors.ts","Locked Doors","#83","Unlocks","lockeddoor_zonegorgeweather_puzzlelock0039039033","Todo: specify puzzle door unlocks","lockeddoor_zonegorgeweather_puzzlelock0039039033.unlocks"
"locked_doors.ts","Locked Doors","#83","Description","lockeddoor_zonegorgeweather_puzzlelock0039039033","Todo: insert a description for this puzzle door puzzlelock0039039033","lockeddoor_zonegorgeweather_puzzlelock0039039033.description"
"locked_doors.ts","Locked Doors","#76","Unlocks","lockeddoor_environmentstrand_puzzlelock0133494774","Todo: specify puzzle door unlocks","lockeddoor_environmentstrand_puzzlelock0133494774.unlocks"
"locked_doors.ts","Locked Doors","#76","Description","lockeddoor_environmentstrand_puzzlelock0133494774","Todo: insert a description for this puzzle door puzzlelock0133494774","lockeddoor_environmentstrand_puzzlelock0133494774.description"
"locked_doors.ts","Locked Doors","#75","Unlocks","lockeddoor_environmentgorge_puzzlelock0136459905","Todo: specify puzzle door unlocks","lockeddoor_environmentgorge_puzzlelock0136459905.unlocks"
"locked_doors.ts","Locked Doors","#75","Description","lockeddoor_environmentgorge_puzzlelock0136459905","Todo: insert a description for this puzzle door puzzlelock0136459905","lockeddoor_environmentgorge_puzzlelock0136459905.description"
"locked_doors.ts","Locked Doors","#100","Unlocks","lockeddoor_zonelabyrinthdreamlanddesign_puzzlelock0149444268","Todo: specify puzzle door unlocks","lockeddoor_zonelabyrinthdreamlanddesign_puzzlelock0149444268.unlocks"
"locked_doors.ts","Locked Doors","#100","Description","lockeddoor_zonelabyrinthdreamlanddesign_puzzlelock0149444268","Todo: insert a description for this puzzle door puzzlelock0149444268","lockeddoor_zonelabyrinthdreamlanddesign_puzzlelock0149444268.description"
"locked_doors.ts","Locked Doors","#101","Unlocks","lockeddoor_zonelabyrinthdreamlanddesign_puzzlelock0312054777","Todo: specify puzzle door unlocks","lockeddoor_zonelabyrinthdreamlanddesign_puzzlelock0312054777.unlocks"
"locked_doors.ts","Locked Doors","#101","Description","lockeddoor_zonelabyrinthdreamlanddesign_puzzlelock0312054777","Todo: insert a description for this puzzle door puzzlelock0312054777","lockeddoor_zonelabyrinthdreamlanddesign_puzzlelock0312054777.description"
"locked_doors.ts","Locked Doors","#105","Unlocks","lockeddoor_zonelabyrinthhubb_puzzlelock0425896758","Todo: specify puzzle door unlocks","lockeddoor_zonelabyrinthhubb_puzzlelock0425896758.unlocks"
"locked_doors.ts","Locked Doors","#105","Description","lockeddoor_zonelabyrinthhubb_puzzlelock0425896758","Todo: insert a description for this puzzle door puzzlelock0425896758","lockeddoor_zonelabyrinthhubb_puzzlelock0425896758.description"
"locked_doors.ts","Locked Doors","#79","Unlocks","lockeddoor_zoneconservatoryarboretum_puzzlelock0438051759","Todo: specify puzzle door unlocks","lockeddoor_zoneconservatoryarboretum_puzzlelock0438051759.unlocks"
"locked_doors.ts","Locked Doors","#79","Description","lockeddoor_zoneconservatoryarboretum_puzzlelock0438051759","Todo: insert a description for this puzzle door puzzlelock0438051759","lockeddoor_zoneconservatoryarboretum_puzzlelock0438051759.description"
"locked_doors.ts","Locked Doors","#84","Unlocks","lockeddoor_zonelabstrandentrance_puzzlelock0469363929","Todo: specify puzzle door unlocks","lockeddoor_zonelabstrandentrance_puzzlelock0469363929.unlocks"
"locked_doors.ts","Locked Doors","#84","Description","lockeddoor_zonelabstrandentrance_puzzlelock0469363929","Todo: insert a description for this puzzle door puzzlelock0469363929","lockeddoor_zonelabstrandentrance_puzzlelock0469363929.description"
"locked_doors.ts","Locked Doors","#77","Unlocks","lockeddoor_environmentstrand_puzzlelock0472447112","Todo: specify puzzle door unlocks","lockeddoor_environmentstrand_puzzlelock0472447112.unlocks"
"locked_doors.ts","Locked Doors","#77","Description","lockeddoor_environmentstrand_puzzlelock0472447112","Todo: insert a description for this puzzle door puzzlelock0472447112","lockeddoor_environmentstrand_puzzlelock0472447112.description"
"locked_doors.ts","Locked Doors","#106","Unlocks","lockeddoor_zonelabyrinthhubb_puzzlelock0544941896","Todo: specify puzzle door unlocks","lockeddoor_zonelabyrinthhubb_puzzlelock0544941896.unlocks"
"locked_doors.ts","Locked Doors","#106","Description","lockeddoor_zonelabyrinthhubb_puzzlelock0544941896","Todo: insert a description for this puzzle door puzzlelock0544941896","lockeddoor_zonelabyrinthhubb_puzzlelock0544941896.description"
"locked_doors.ts","Locked Doors","#81","Unlocks","lockeddoor_zonegorgenavigation_puzzlelock0554385439","Todo: specify puzzle door unlocks","lockeddoor_zonegorgenavigation_puzzlelock0554385439.unlocks"
"locked_doors.ts","Locked Doors","#81","Description","lockeddoor_zonegorgenavigation_puzzlelock0554385439","Todo: insert a description for this puzzle door puzzlelock0554385439","lockeddoor_zonegorgenavigation_puzzlelock0554385439.description"
"locked_doors.ts","Locked Doors","#85","Unlocks","lockeddoor_zonelabstrandentrancedesign_puzzlelock0613399195","Todo: specify puzzle door unlocks","lockeddoor_zonelabstrandentrancedesign_puzzlelock0613399195.unlocks"
"locked_doors.ts","Locked Doors","#85","Description","lockeddoor_zonelabstrandentrancedesign_puzzlelock0613399195","Todo: insert a description for this puzzle door puzzlelock0613399195","lockeddoor_zonelabstrandentrancedesign_puzzlelock0613399195.description"
"locked_doors.ts","Locked Doors","#115","Unlocks","lockeddoor_zonerainbowcore_puzzlelock0745527622","Todo: specify puzzle door unlocks","lockeddoor_zonerainbowcore_puzzlelock0745527622.unlocks"
"locked_doors.ts","Locked Doors","#115","Description","lockeddoor_zonerainbowcore_puzzlelock0745527622","Todo: insert a description for this puzzle door puzzlelock0745527622","lockeddoor_zonerainbowcore_puzzlelock0745527622.description"
"locked_doors.ts","Locked Doors","#74","Unlocks","locked_zonerainbowcore_puz0257618133","Todo: specify puzzle door unlocks","locked_zonerainbowcore_puz0257618133.unlocks"
"locked_doors.ts","Locked Doors","#74","Description","locked_zonerainbowcore_puz0257618133","Todo: insert a description for this puzzle receptacle puz0257618133","locked_zonerainbowcore_puz0257618133.description"
"locked_doors.ts","Locked Doors","#96","Unlocks","lockeddoor_zonelabyrinthdreamlandb_puzzlelock0832500514","Todo: specify puzzle door unlocks","lockeddoor_zonelabyrinthdreamlandb_puzzlelock0832500514.unlocks"
"locked_doors.ts","Locked Doors","#96","Description","lockeddoor_zonelabyrinthdreamlandb_puzzlelock0832500514","Todo: insert a description for this puzzle door puzzlelock0832500514","lockeddoor_zonelabyrinthdreamlandb_puzzlelock0832500514.description"
"locked_doors.ts","Locked Doors","#116","Unlocks","lockeddoor_zonerainbowcore_puzzlelock0903198556","Todo: specify puzzle door unlocks","lockeddoor_zonerainbowcore_puzzlelock0903198556.unlocks"
"locked_doors.ts","Locked Doors","#116","Description","lockeddoor_zonerainbowcore_puzzlelock0903198556","Todo: insert a description for this puzzle door puzzlelock0903198556","lockeddoor_zonerainbowcore_puzzlelock0903198556.description"
"locked_doors.ts","Locked Doors","#86","Unlocks","lockeddoor_zonelabstrandentrancedesign_puzzlelock0964624336","Todo: specify puzzle door unlocks","lockeddoor_zonelabstrandentrancedesign_puzzlelock0964624336.unlocks"
"locked_doors.ts","Locked Doors","#86","Description","lockeddoor_zonelabstrandentrancedesign_puzzlelock0964624336","Todo: insert a description for this puzzle door puzzlelock0964624336","lockeddoor_zonelabstrandentrancedesign_puzzlelock0964624336.description"
"locked_doors.ts","Locked Doors","#123","Unlocks","lockeddoor_zonestrandlabyrinthgate_puzzlelock0968189461","Todo: specify puzzle door unlocks","lockeddoor_zonestrandlabyrinthgate_puzzlelock0968189461.unlocks"
"locked_doors.ts","Locked Doors","#123","Description","lockeddoor_zonestrandlabyrinthgate_puzzlelock0968189461","Todo: insert a description for this puzzle door puzzlelock0968189461","lockeddoor_zonestrandlabyrinthgate_puzzlelock0968189461.description"
"locked_doors.ts","Locked Doors","#80","Unlocks","lockeddoor_zonegorgegatetransfer_puzzlelock0982098626","Todo: specify puzzle door unlocks","lockeddoor_zonegorgegatetransfer_puzzlelock0982098626.unlocks"
"locked_doors.ts","Locked Doors","#80","Description","lockeddoor_zonegorgegatetransfer_puzzlelock0982098626","Todo: insert a description for this puzzle door puzzlelock0982098626","lockeddoor_zonegorgegatetransfer_puzzlelock0982098626.description"
"locked_doors.ts","Locked Doors","#109","Unlocks","lockeddoor_zonelabyrinthhubdesign_puzzlelock1040355200","Todo: specify puzzle door unlocks","lockeddoor_zonelabyrinthhubdesign_puzzlelock1040355200.unlocks"
"locked_doors.ts","Locked Doors","#109","Description","lockeddoor_zonelabyrinthhubdesign_puzzlelock1040355200","Todo: insert a description for this puzzle door puzzlelock1040355200","lockeddoor_zonelabyrinthhubdesign_puzzlelock1040355200.description"
"locked_doors.ts","Locked Doors","#102","Unlocks","lockeddoor_zonelabyrinthdreamlanddesign_puzzlelock1045124157","Todo: specify puzzle door unlocks","lockeddoor_zonelabyrinthdreamlanddesign_puzzlelock1045124157.unlocks"
"locked_doors.ts","Locked Doors","#102","Description","lockeddoor_zonelabyrinthdreamlanddesign_puzzlelock1045124157","Todo: insert a description for this puzzle door puzzlelock1045124157","lockeddoor_zonelabyrinthdreamlanddesign_puzzlelock1045124157.description"
"locked_doors.ts","Locked Doors","#95","Unlocks","lockeddoor_zonelabyrinthdisruptiontest_puzzlelock1050181413","Todo: specify puzzle door unlocks","lockeddoor_zonelabyrinthdisruptiontest_puzzlelock1050181413.unlocks"
"locked_doors.ts","Locked Doors","#95","Description","lockeddoor_zonelabyrinthdisruptiontest_puzzlelock1050181413","Todo: insert a description for this puzzle door puzzlelock1050181413","lockeddoor_zonelabyrinthdisruptiontest_puzzlelock1050181413.description"
"locked_doors.ts","Locked Doors","#107","Unlocks","lockeddoor_zonelabyrinthhubb_puzzlelock1053305437","Todo: specify puzzle door unlocks","lockeddoor_zonelabyrinthhubb_puzzlelock1053305437.unlocks"
"locked_doors.ts","Locked Doors","#107","Description","lockeddoor_zonelabyrinthhubb_puzzlelock1053305437","Todo: insert a description for this puzzle door puzzlelock1053305437","lockeddoor_zonelabyrinthhubb_puzzlelock1053305437.description"
"locked_doors.ts","Locked Doors","#87","Unlocks","lockeddoor_zonelabstrandentrancedesign_puzzlelock1060786563","Todo: specify puzzle door unlocks","lockeddoor_zonelabstrandentrancedesign_puzzlelock1060786563.unlocks"
"locked_doors.ts","Locked Doors","#87","Description","lockeddoor_zonelabstrandentrancedesign_puzzlelock1060786563","Todo: insert a description for this puzzle door puzzlelock1060786563","lockeddoor_zonelabstrandentrancedesign_puzzlelock1060786563.description"
"locked_doors.ts","Locked Doors","#88","Unlocks","lockeddoor_zonelabstrandentrancedesign_puzzlelock1071849493","Todo: specify puzzle door unlocks","lockeddoor_zonelabstrandentrancedesign_puzzlelock1071849493.unlocks"
"locked_doors.ts","Locked Doors","#88","Description","lockeddoor_zonelabstrandentrancedesign_puzzlelock1071849493","Todo: insert a description for this puzzle door puzzlelock1071849493","lockeddoor_zonelabstrandentrancedesign_puzzlelock1071849493.description"
"locked_doors.ts","Locked Doors","#99","Unlocks","lockeddoor_zonelabyrinthdreamlandc_puzzlelock1074301965","Todo: specify puzzle door unlocks","lockeddoor_zonelabyrinthdreamlandc_puzzlelock1074301965.unlocks"
"locked_doors.ts","Locked Doors","#99","Description","lockeddoor_zonelabyrinthdreamlandc_puzzlelock1074301965","Todo: insert a description for this puzzle door puzzlelock1074301965","lockeddoor_zonelabyrinthdreamlandc_puzzlelock1074301965.description"
"locked_doors.ts","Locked Doors","#103","Unlocks","lockeddoor_zonelabyrinthdreamlanddesign_puzzlelock1111370558","Todo: specify puzzle door unlocks","lockeddoor_zonelabyrinthdreamlanddesign_puzzlelock1111370558.unlocks"
"locked_doors.ts","Locked Doors","#103","Description","lockeddoor_zonelabyrinthdreamlanddesign_puzzlelock1111370558","Todo: insert a description for this puzzle door puzzlelock1111370558","lockeddoor_zonelabyrinthdreamlanddesign_puzzlelock1111370558.description"
"locked_doors.ts","Locked Doors","#89","Unlocks","lockeddoor_zonelabstrandentrancedesign_puzzlelock1215647778","Todo: specify puzzle door unlocks","lockeddoor_zonelabstrandentrancedesign_puzzlelock1215647778.unlocks"
"locked_doors.ts","Locked Doors","#89","Description","lockeddoor_zonelabstrandentrancedesign_puzzlelock1215647778","Todo: insert a description for this puzzle door puzzlelock1215647778","lockeddoor_zonelabstrandentrancedesign_puzzlelock1215647778.description"
"locked_doors.ts","Locked Doors","#113","Unlocks","lockeddoor_zonelabyrinthterrariumjungleglacier_puzzlelock1237654307","Todo: specify puzzle door unlocks","lockeddoor_zonelabyrinthterrariumjungleglacier_puzzlelock1237654307.unlocks"
"locked_doors.ts","Locked Doors","#113","Description","lockeddoor_zonelabyrinthterrariumjungleglacier_puzzlelock1237654307","Todo: insert a description for this puzzle door puzzlelock1237654307","lockeddoor_zonelabyrinthterrariumjungleglacier_puzzlelock1237654307.description"
"locked_doors.ts","Locked Doors","#120","Unlocks","lockeddoor_zonestrand_puzzlelock1268629766","Todo: specify puzzle door unlocks","lockeddoor_zonestrand_puzzlelock1268629766.unlocks"
"locked_doors.ts","Locked Doors","#120","Description","lockeddoor_zonestrand_puzzlelock1268629766","Todo: insert a description for this puzzle door puzzlelock1268629766","lockeddoor_zonestrand_puzzlelock1268629766.description"
"locked_doors.ts","Locked Doors","#108","Unlocks","lockeddoor_zonelabyrinthhubb_puzzlelock1302005974","Todo: specify puzzle door unlocks","lockeddoor_zonelabyrinthhubb_puzzlelock1302005974.unlocks"
"locked_doors.ts","Locked Doors","#108","Description","lockeddoor_zonelabyrinthhubb_puzzlelock1302005974","Todo: insert a description for this puzzle door puzzlelock1302005974","lockeddoor_zonelabyrinthhubb_puzzlelock1302005974.description"
"locked_doors.ts","Locked Doors","#114","Unlocks","lockeddoor_zonelabyrinthterrariumjungleglacier_puzzlelock1347392166","Todo: specify puzzle door unlocks","lockeddoor_zonelabyrinthterrariumjungleglacier_puzzlelock1347392166.unlocks"
"locked_doors.ts","Locked Doors","#114","Description","lockeddoor_zonelabyrinthterrariumjungleglacier_puzzlelock1347392166","Todo: insert a description for this puzzle door puzzlelock1347392166","lockeddoor_zonelabyrinthterrariumjungleglacier_puzzlelock1347392166.description"
"locked_doors.ts","Locked Doors","#124","Unlocks","lockeddoor_zonestrandlabyrinthgate_puzzlelock1350784030","Todo: specify puzzle door unlocks","lockeddoor_zonestrandlabyrinthgate_puzzlelock1350784030.unlocks"
"locked_doors.ts","Locked Doors","#124","Description","lockeddoor_zonestrandlabyrinthgate_puzzlelock1350784030","Todo: insert a description for this puzzle door puzzlelock1350784030","lockeddoor_zonestrandlabyrinthgate_puzzlelock1350784030.description"
"locked_doors.ts","Locked Doors","#90","Unlocks","lockeddoor_zonelabstrandentrancedesign_puzzlelock1355797245","Todo: specify puzzle door unlocks","lockeddoor_zonelabstrandentrancedesign_puzzlelock1355797245.unlocks"
"locked_doors.ts","Locked Doors","#90","Description","lockeddoor_zonelabstrandentrancedesign_puzzlelock1355797245","Todo: insert a description for this puzzle door puzzlelock1355797245","lockeddoor_zonelabstrandentrancedesign_puzzlelock1355797245.description"
"locked_doors.ts","Locked Doors","#82","Unlocks","lockeddoor_zonegorgenavigation_puzzlelock1383942904","Todo: specify puzzle door unlocks","lockeddoor_zonegorgenavigation_puzzlelock1383942904.unlocks"
"locked_doors.ts","Locked Doors","#82","Description","lockeddoor_zonegorgenavigation_puzzlelock1383942904","Todo: insert a description for this puzzle door puzzlelock1383942904","lockeddoor_zonegorgenavigation_puzzlelock1383942904.description"
"locked_doors.ts","Locked Doors","#70","Unlocks","locked_zonegorgenavigation_puz0194168418","Todo: specify puzzle door unlocks","locked_zonegorgenavigation_puz0194168418.unlocks"
"locked_doors.ts","Locked Doors","#70","Description","locked_zonegorgenavigation_puz0194168418","Todo: insert a description for this puzzle receptacle puz0194168418","locked_zonegorgenavigation_puz0194168418.description"
"locked_doors.ts","Locked Doors","#71","Unlocks","locked_zonegorgenavigation_puz1378549307","Todo: specify puzzle door unlocks","locked_zonegorgenavigation_puz1378549307.unlocks"
"locked_doors.ts","Locked Doors","#71","Description","locked_zonegorgenavigation_puz1378549307","Todo: insert a description for this puzzle receptacle puz1378549307","locked_zonegorgenavigation_puz1378549307.description"
"locked_doors.ts","Locked Doors","#121","Unlocks","lockeddoor_zonestrand_puzzlelock1388684203","Todo: specify puzzle door unlocks","lockeddoor_zonestrand_puzzlelock1388684203.unlocks"
"locked_doors.ts","Locked Doors","#121","Description","lockeddoor_zonestrand_puzzlelock1388684203","Todo: insert a description for this puzzle door puzzlelock1388684203","lockeddoor_zonestrand_puzzlelock1388684203.description"
"locked_doors.ts","Locked Doors","#92","Unlocks","lockeddoor_zonelabstrandentrancemainb_puzzlelock1447897039","Todo: specify puzzle door unlocks","lockeddoor_zonelabstrandentrancemainb_puzzlelock1447897039.unlocks"
"locked_doors.ts","Locked Doors","#92","Description","lockeddoor_zonelabstrandentrancemainb_puzzlelock1447897039","Todo: insert a description for this puzzle door puzzlelock1447897039","lockeddoor_zonelabstrandentrancemainb_puzzlelock1447897039.description"
"locked_doors.ts","Locked Doors","#110","Unlocks","lockeddoor_zonelabyrinthhubdesign_puzzlelock1458701232","Todo: specify puzzle door unlocks","lockeddoor_zonelabyrinthhubdesign_puzzlelock1458701232.unlocks"
"locked_doors.ts","Locked Doors","#110","Description","lockeddoor_zonelabyrinthhubdesign_puzzlelock1458701232","Todo: insert a description for this puzzle door puzzlelock1458701232","lockeddoor_zonelabyrinthhubdesign_puzzlelock1458701232.description"
"locked_doors.ts","Locked Doors","#122","Unlocks","lockeddoor_zonestrand_puzzlelock1492305905","Todo: specify puzzle door unlocks","lockeddoor_zonestrand_puzzlelock1492305905.unlocks"
"locked_doors.ts","Locked Doors","#122","Description","lockeddoor_zonestrand_puzzlelock1492305905","Todo: insert a description for this puzzle door puzzlelock1492305905","lockeddoor_zonestrand_puzzlelock1492305905.description"
"locked_doors.ts","Locked Doors","#117","Unlocks","lockeddoor_zonerainbowcore_puzzlelock1602179426","Todo: specify puzzle door unlocks","lockeddoor_zonerainbowcore_puzzlelock1602179426.unlocks"
"locked_doors.ts","Locked Doors","#117","Description","lockeddoor_zonerainbowcore_puzzlelock1602179426","Todo: insert a description for this puzzle door puzzlelock1602179426","lockeddoor_zonerainbowcore_puzzlelock1602179426.description"
"locked_doors.ts","Locked Doors","#73","Unlocks","locked_zonerainbowcore_puz0105158232","Todo: specify puzzle door unlocks","locked_zonerainbowcore_puz0105158232.unlocks"
"locked_doors.ts","Locked Doors","#73","Description","locked_zonerainbowcore_puz0105158232","Todo: insert a description for this puzzle receptacle puz0105158232","locked_zonerainbowcore_puz0105158232.description"
"locked_doors.ts","Locked Doors","#93","Unlocks","lockeddoor_zonelabstrandentrancemainb_puzzlelock1656042506","Todo: specify puzzle door unlocks","lockeddoor_zonelabstrandentrancemainb_puzzlelock1656042506.unlocks"
"locked_doors.ts","Locked Doors","#93","Description","lockeddoor_zonelabstrandentrancemainb_puzzlelock1656042506","Todo: insert a description for this puzzle door puzzlelock1656042506","lockeddoor_zonelabstrandentrancemainb_puzzlelock1656042506.description"
"locked_doors.ts","Locked Doors","#97","Unlocks","lockeddoor_zonelabyrinthdreamlandb_puzzlelock1668742734","Todo: specify puzzle door unlocks","lockeddoor_zonelabyrinthdreamlandb_puzzlelock1668742734.unlocks"
"locked_doors.ts","Locked Doors","#97","Description","lockeddoor_zonelabyrinthdreamlandb_puzzlelock1668742734","Todo: insert a description for this puzzle door puzzlelock1668742734","lockeddoor_zonelabyrinthdreamlandb_puzzlelock1668742734.description"
"locked_doors.ts","Locked Doors","#125","Unlocks","lockeddoor_zonestrandlabyrinthgate_puzzlelock1728666225","Todo: specify puzzle door unlocks","lockeddoor_zonestrandlabyrinthgate_puzzlelock1728666225.unlocks"
"locked_doors.ts","Locked Doors","#125","Description","lockeddoor_zonestrandlabyrinthgate_puzzlelock1728666225","Todo: insert a description for this puzzle door puzzlelock1728666225","lockeddoor_zonestrandlabyrinthgate_puzzlelock1728666225.description"
"locked_doors.ts","Locked Doors","#104","Unlocks","lockeddoor_zonelabyrinthhub_puzzlelock1797201574","Todo: specify puzzle door unlocks","lockeddoor_zonelabyrinthhub_puzzlelock1797201574.unlocks"
"locked_doors.ts","Locked Doors","#104","Description","lockeddoor_zonelabyrinthhub_puzzlelock1797201574","Todo: insert a description for this puzzle door puzzlelock1797201574","lockeddoor_zonelabyrinthhub_puzzlelock1797201574.description"
"locked_doors.ts","Locked Doors","#118","Unlocks","lockeddoor_zonerainbowcore_puzzlelock1841176534","Todo: specify puzzle door unlocks","lockeddoor_zonerainbowcore_puzzlelock1841176534.unlocks"
"locked_doors.ts","Locked Doors","#118","Description","lockeddoor_zonerainbowcore_puzzlelock1841176534","Todo: insert a description for this puzzle door puzzlelock1841176534","lockeddoor_zonerainbowcore_puzzlelock1841176534.description"
"locked_doors.ts","Locked Doors","#119","Unlocks","lockeddoor_zonerainbowcore_puzzlelock1854676018","Todo: specify puzzle door unlocks","lockeddoor_zonerainbowcore_puzzlelock1854676018.unlocks"
"locked_doors.ts","Locked Doors","#119","Description","lockeddoor_zonerainbowcore_puzzlelock1854676018","Todo: insert a description for this puzzle door puzzlelock1854676018","lockeddoor_zonerainbowcore_puzzlelock1854676018.description"
"locked_doors.ts","Locked Doors","#126","Unlocks","lockeddoor_zonestrandlabyrinthgate_puzzlelock1870787726","Todo: specify puzzle door unlocks","lockeddoor_zonestrandlabyrinthgate_puzzlelock1870787726.unlocks"
"locked_doors.ts","Locked Doors","#126","Description","lockeddoor_zonestrandlabyrinthgate_puzzlelock1870787726","Todo: insert a description for this puzzle door puzzlelock1870787726","lockeddoor_zonestrandlabyrinthgate_puzzlelock1870787726.description"
"locked_doors.ts","Locked Doors","#91","Unlocks","lockeddoor_zonelabstrandentrancedesign_puzzlelock1907608575","Todo: specify puzzle door unlocks","lockeddoor_zonelabstrandentrancedesign_puzzlelock1907608575.unlocks"
"locked_doors.ts","Locked Doors","#91","Description","lockeddoor_zonelabstrandentrancedesign_puzzlelock1907608575","Todo: insert a description for this puzzle door puzzlelock1907608575","lockeddoor_zonelabstrandentrancedesign_puzzlelock1907608575.description"
"locked_doors.ts","Locked Doors","#72","Unlocks","locked_zonelabstrandentrancedesign_puz1696095484","Todo: specify puzzle door unlocks","locked_zonelabstrandentrancedesign_puz1696095484.unlocks"
"locked_doors.ts","Locked Doors","#72","Description","locked_zonelabstrandentrancedesign_puz1696095484","Todo: insert a description for this puzzle receptacle puz1696095484","locked_zonelabstrandentrancedesign_puz1696095484.description"
"locked_doors.ts","Locked Doors","#78","Unlocks","lockeddoor_environmentstrand_puzzlelock1960975923","Todo: specify puzzle door unlocks","lockeddoor_environmentstrand_puzzlelock1960975923.unlocks"
"locked_doors.ts","Locked Doors","#78","Description","lockeddoor_environmentstrand_puzzlelock1960975923","Todo: insert a description for this puzzle door puzzlelock1960975923","lockeddoor_environmentstrand_puzzlelock1960975923.description"
"locked_doors.ts","Locked Doors","#128","Unlocks","lockeddoor_zonestrandweather_puzzlelock1987366521","Todo: specify puzzle door unlocks","lockeddoor_zonestrandweather_puzzlelock1987366521.unlocks"
"locked_doors.ts","Locked Doors","#128","Description","lockeddoor_zonestrandweather_puzzlelock1987366521","Todo: insert a description for this puzzle door puzzlelock1987366521","lockeddoor_zonestrandweather_puzzlelock1987366521.description"
"locked_doors.ts","Locked Doors","#94","Unlocks","lockeddoor_zonelabstrandentrancemainb_puzzlelock1991737884","Todo: specify puzzle door unlocks","lockeddoor_zonelabstrandentrancemainb_puzzlelock1991737884.unlocks"
"locked_doors.ts","Locked Doors","#94","Description","lockeddoor_zonelabstrandentrancemainb_puzzlelock1991737884","Todo: insert a description for this puzzle door puzzlelock1991737884","lockeddoor_zonelabstrandentrancemainb_puzzlelock1991737884.description"
"locked_doors.ts","Locked Doors","#111","Unlocks","lockeddoor_zonelabyrinthhubdesign_puzzlelock2006019391","Todo: specify puzzle door unlocks","lockeddoor_zonelabyrinthhubdesign_puzzlelock2006019391.unlocks"
"locked_doors.ts","Locked Doors","#111","Description","lockeddoor_zonelabyrinthhubdesign_puzzlelock2006019391","Todo: insert a description for this puzzle door puzzlelock2006019391","lockeddoor_zonelabyrinthhubdesign_puzzlelock2006019391.description"
"locked_doors.ts","Locked Doors","#112","Unlocks","lockeddoor_zonelabyrinthhubdesign_puzzlelock2042096013","Todo: specify puzzle door unlocks","lockeddoor_zonelabyrinthhubdesign_puzzlelock2042096013.unlocks"
"locked_doors.ts","Locked Doors","#112","Description","lockeddoor_zonelabyrinthhubdesign_puzzlelock2042096013","Todo: insert a description for this puzzle door puzzlelock2042096013","lockeddoor_zonelabyrinthhubdesign_puzzlelock2042096013.description"
"locked_doors.ts","Locked Doors","#98","Unlocks","lockeddoor_zonelabyrinthdreamlandb_puzzlelock2081200745","Todo: specify puzzle door unlocks","lockeddoor_zonelabyrinthdreamlandb_puzzlelock2081200745.unlocks"
"locked_doors.ts","Locked Doors","#98","Description","lockeddoor_zonelabyrinthdreamlandb_puzzlelock2081200745","Todo: insert a description for this puzzle door puzzlelock2081200745","lockeddoor_zonelabyrinthdreamlandb_puzzlelock2081200745.description"
"locked_doors.ts","Locked Doors","#127","Unlocks","lockeddoor_zonestrandlabyrinthgate_puzzlelock2115176931","Todo: specify puzzle door unlocks","lockeddoor_zonestrandlabyrinthgate_puzzlelock2115176931.unlocks"
"locked_doors.ts","Locked Doors","#127","Description","lockeddoor_zonestrandlabyrinthgate_puzzlelock2115176931","Todo: insert a description for this puzzle door puzzlelock2115176931","lockeddoor_zonestrandlabyrinthgate_puzzlelock2115176931.description"
"gordos.ts","Gordos","#129","Description","hypergordo_zonelabyrinthterrariumjungleglacier_gordo1932334613","Todo: insert a description for this gordo gordo1932334613","hypergordo_zonelabyrinthterrariumjungleglacier_gordo1932334613.description"
"gordos.ts","Gordos","#129","Drops","hypergordo_zonelabyrinthterrariumjungleglacier_gordo1932334613","Todo: specify gordo drops","hypergordo_zonelabyrinthterrariumjungleglacier_gordo1932334613.drops.0"
"gordos.ts","Gordos","#129","Unlocks","hypergordo_zonelabyrinthterrariumjungleglacier_gordo1932334613","Todo: specify gordo unlocks","hypergordo_zonelabyrinthterrariumjungleglacier_gordo1932334613.unlocks.0"
"gigi_holograms.ts","Gigi Holograms","#146","Description","gigihologram_x991_y1920","Todo: insert a description for this Gigi hologram x991_y1920","gigihologram_x991_y1920.description"
"gigi_holograms.ts","Gigi Holograms","#144","Description","gigihologram_x838_y1796","Todo: insert a description for this Gigi hologram x838_y1796","gigihologram_x838_y1796.description"
"gigi_holograms.ts","Gigi Holograms","#142","Description","gigihologram_x817_y2171","Todo: insert a description for this Gigi hologram x817_y2171","gigihologram_x817_y2171.description"
"gigi_holograms.ts","Gigi Holograms","#141","Description","gigihologram_x766_y2011","Todo: insert a description for this Gigi hologram x766_y2011","gigihologram_x766_y2011.description"
"gigi_holograms.ts","Gigi Holograms","#137","Description","gigihologram_x134_y2247","Todo: insert a description for this Gigi hologram x134_y2247","gigihologram_x134_y2247.description"
"gigi_holograms.ts","Gigi Holograms","#143","Description","gigihologram_x82_y2225","Todo: insert a description for this Gigi hologram x82_y2225","gigihologram_x82_y2225.description"
"gigi_holograms.ts","Gigi Holograms","#145","Description","gigihologram_x878_y1466","Todo: insert a description for this Gigi hologram x878_y1466","gigihologram_x878_y1466.description"
"gigi_holograms.ts","Gigi Holograms","#134","Description","gigihologram_x1139_y1323","Todo: insert a description for this Gigi hologram x1139_y1323","gigihologram_x1139_y1323.description"
"gigi_holograms.ts","Gigi Holograms","#130","Description","gigihologram_x1004_y1415","Todo: insert a description for this Gigi hologram x1004_y1415","gigihologram_x1004_y1415.description"
"gigi_holograms.ts","Gigi Holograms","#130","","gigihologram_x1004_y1415","Qué vista tan increíble. Es muy fácil dejarse atrapar por su belleza. Es decir, hasta que una alteración prismática convierte todo en un caos.","gigihologram_x1004_y1415.dialogue.entries.434169717507911680_subsequentvisit.text.es"
"gigi_holograms.ts","Gigi Holograms","#136","Description","gigihologram_x1163_y1570","Todo: insert a description for this Gigi hologram x1163_y1570","gigihologram_x1163_y1570.description"
"gigi_holograms.ts","Gigi Holograms","#131","Description","gigihologram_x1076_y907","Todo: insert a description for this Gigi hologram x1076_y907","gigihologram_x1076_y907.description"
"gigi_holograms.ts","Gigi Holograms","#139","Description","gigihologram_x500_y1104","Todo: insert a description for this Gigi hologram x500_y1104","gigihologram_x500_y1104.description"
"gigi_holograms.ts","Gigi Holograms","#140","Description","gigihologram_x746_y1101","Todo: insert a description for this Gigi hologram x746_y1101","gigihologram_x746_y1101.description"
"gigi_holograms.ts","Gigi Holograms","#138","Description","gigihologram_x1364_y1007","Todo: insert a description for this Gigi hologram x1364_y1007","gigihologram_x1364_y1007.description"
"gigi_holograms.ts","Gigi Holograms","#133","Description","gigihologram_x1136_y1828","Todo: insert a description for this Gigi hologram x1136_y1828","gigihologram_x1136_y1828.description"
"gigi_holograms.ts","Gigi Holograms","#132","Description","gigihologram_x1123_y1382","Todo: insert a description for this Gigi hologram x1123_y1382","gigihologram_x1123_y1382.description"
"gigi_holograms.ts","Gigi Holograms","#135","Description","gigihologram_x1162_y1426","Todo: insert a description for this Gigi hologram x1162_y1426","gigihologram_x1162_y1426.description"